First Name;Last Name;Company Name;Role In Company;Address;E-Mail;Phone Number
"William";"Turner";"FedEx";"Web Developer";"4687 station road";"wturner@fedex.gives";"26386053664";
"Alice";"Harvey";"Veterans United Home Loans";"Security Guard";"8632 manchester road";"aharvey@veteransunitedhomeloans.church";"66932496675";
"Holly";"Wells";"SAP";"Meetin";"8216 the grove";"hwells@sap.kitchen";"25330023216";
"Nathan";"Oliver";"PCL Construction";"Scientist";"4923 school lane";"noliver@pclconstruction.financial";"30045715426";
"Martha";"Thomas";"EY";"Landscaper & Groundskeeper";"5377 mill lane";"mthomas@ey.directory";"65846955473";
"Ella";"Carter";"NuStar Energy";"Construction Manager";"8904 church road";"ecarter@nustarenergy.one";"12793395882";
"Albert";"Price";"Timepath Inc.";"Home Health Aide";"8015 manor road";"aprice@timepathinc.investments";"32535678325";
"Finlay";"Reynolds";"American Fidelity Assurance";"IT Manager";"7487 york road";"freynolds@americanfidelityassurance.fund";"61218666941";
"Sarah";"Curtis";"Cisco";"Real Estate Agent";"7641 queens road";"scurtis@cisco.miami";"58228256436";
"Seth";"Shaw";"Hilcorp";"Personal Care Aide";"4419 alexander road";"sshaw@hilcorp.gripe";"53910155403";
"Mohammed";"Carr";"Texas Health Resources";"Dentist";"9131 the avenue";"mcarr@texashealthresources.how";"50585703467";
"Toby";"Cooke";"Methodist Le Bonheur Healthcare";"IT Manager";"1328 queens road";"tcooke@methodistlebonheurhealthcare.run";"83439535442";
"Zara";"Page";"Marriott International";"Advisor";"4253 queens road";"zpage@marriottinternational.tennis";"68125201975";
"Mia";"Parker";"Stryker";"Electrician";"9338 church road";"mparker@stryker.care";"35808430179";
"Rosie";"O'connor";"QuikTrip";"Cashier";"2702 manor road";"roconnor@quiktrip.fans";"26112178373";
"Tyler";"Hunt";"Kimpton Hotels & Restaurants";"Customer Service Representative";"5366 queensway";"thunt@kimptonhotels&restaurants.hockey";"46779639236";
"Finley";"Adams";"Baker Donelson";"Computer Systems Administrator";"5688 the avenue";"fadams@bakerdonelson.legal";"73710874756";
"Mohammad";"Kaur";"QuikTrip";"Logistician";"7412 victoria road";"mkaur@quiktrip.tv";"70932119544";
"Eliza";"Lawrence";"TechDev";"Mental Health Counselor";"6665 albert road";"elawrence@techdev.solar";"54779145568";
"Jake";"Richards";"CHG Healthcare Services";"Mental Health Counselor";"8091 green lane";"jrichards@chghealthcareservices.info";"61754451142";
