First Name;Last Name;Company Name;Role In Company;Address;E-Mail;Phone Number;
"Ava";"Miller";"Pinnacle Financial Partners";"Carpenter";"5624 school lane";"amiller@pinnaclefinancialpartners.insure";"30206334064";
"Abigail";"Hodgson";"AT&T";"Paramedic";"8283 manchester road";"ahodgson@at&t.graphics";"39642459414";
"Connor";"Hunt";"TDIndustries";"Marketing Manager";"5080 stanley road";"chunt@tdindustries.live";"51914961161";
"Amber";"Ward";"Nordstrom";"Teacher Assistant";"7432 springfield road";"award@nordstrom.ninja";"63724813410";
"Oliver";"Jenkins";"Build-A-Bear Workshop";"Administrative Assistant";"5727 high street";"ojenkins@build-a-bearworkshop.voyage";"40481104198";
"Charles";"Harvey";"Aflac";"Pharmacy Technician";"4925 manchester road";"charvey@aflac.toys";"29324191394";
"Eliza";"Gregory";"Alston & Bird";"Business Operations Manager";"9152 green lane";"egregory@alston&bird.gov.it";"64329318278";
"Nathan";"Oliver";"PCL Construction";"Scientist";"4923 school lane";"noliver@pclconstruction.financial";"30045715426";
"Imogen";"James";"Waterfront";"Maintenance & Repair Worker";"1643 grange road";"ijames@waterfront.republican";"75129368579";
"Theodore";"Woods";"Aperture Inc.";"Physical Therapist Assistant";"7434 highfield road";"twoods@apertureinc.wales";"97283203187";
"Henry";"Butler";"Acuity";"Physical Therapist Assistant";"9553 broadway";"hbutler@acuity.rentals";"92544101034";
"Dylan";"Parsons";"Hilton";"Programmer";"7996 queen street";"dparsons@hilton.fans";"67699956847";
"Kian";"Gibson";"Allianz Life Insurance Company of North America";"Marketing Manager";"6013 alexander road";"kgibson@allianzlifeinsurancecompanyofnorthamerica.tools";"91521841650";
"Olivia";"Byrne";"Cisco";"Marketing Manager";"7312 albert road";"obyrne@cisco.jetzt";"39922536434";
"Maisie";"Carter";"VMware";"Fabricator";"6598 mill lane";"mcarter@vmware.faith";"12612225026";
"Jack";"Hunt";"Texas Health Resources";"Home Health Aide";"9348 york road";"jhunt@texashealthresources.online";"39437878364";
"Jenson";"Powell";"Perkins Coie";"Real Estate Agent";"7221 the avenue";"jpowell@perkinscoie.photo";"68500264566";
"Jessica";"Holland";"Burns & McDonnell";"Plumber";"9916 victoria street";"jholland@burns&mcdonnell.pics";"94560235156";
"Charlie";"Walker";"KPMG";"Advisor";"2756 church lane";"cwalker@kpmg.ventures";"48576943031";
"Willow";"Woods";"PwC";"Security Guard";"1913 grove road";"wwoods@pwc.webcam";"30237557617";
